﻿{
  "UIType": 0,
  "UIName": "root",
  "alignChildren": "",
  "alignment": " [\"fill\", \"fill\" ]",
  "characters": "",
  "enabled": "",
  "icon": "",
  "image": "",
  "indent": "",
  "justify": "",
  "margins": "",
  "maximumSize": "",
  "minimumSize": "",
  "orientation": "\"row\"",
  "preferredSize": "[300,100]",
  "spacing": "",
  "text": "",
  "value": "",
  "visible": "",
  "properties": "",
  "Items": [
    {
      "UIType": 0,
      "UIName": "leftP",
      "alignChildren": "",
      "alignment": "[\"fill\",\"fill\"]",
      "characters": "",
      "enabled": "",
      "icon": "",
      "image": "",
      "indent": "",
      "justify": "",
      "margins": "",
      "maximumSize": "",
      "minimumSize": "",
      "orientation": "\"column\"",
      "preferredSize": "",
      "spacing": "",
      "text": "",
      "value": "",
      "visible": "",
      "properties": "",
      "Items": [
        {
          "UIType": 15,
          "UIName": "stInfo",
          "alignChildren": "",
          "alignment": "[\"fill\",\"top\"]",
          "characters": "",
          "enabled": "",
          "icon": "",
          "image": "",
          "indent": "",
          "justify": "\"left\"",
          "margins": "",
          "maximumSize": "",
          "minimumSize": "",
          "orientation": "",
          "preferredSize": "[150,25]",
          "spacing": "",
          "text": "\"1回のScanだけだと取りこぼすことがあります\"",
          "value": "",
          "visible": "",
          "properties": "",
          "Items": []
        },
        {
          "UIType": 4,
          "UIName": "btnScan",
          "alignChildren": "",
          "alignment": "[\"fill\",\"top\"]",
          "characters": "",
          "enabled": "",
          "icon": "",
          "image": "",
          "indent": "",
          "justify": "",
          "margins": "",
          "maximumSize": "",
          "minimumSize": "",
          "orientation": "",
          "preferredSize": "[150,25]",
          "spacing": "",
          "text": "\"Scan\"",
          "value": "",
          "visible": "",
          "properties": "",
          "Items": []
        },
        {
          "UIType": 10,
          "UIName": "lstResult",
          "alignChildren": "",
          "alignment": "[\"fill\",\"fill\"]",
          "characters": "",
          "enabled": "",
          "icon": "",
          "image": "",
          "indent": "",
          "justify": "",
          "margins": "",
          "maximumSize": "",
          "minimumSize": "",
          "orientation": "",
          "preferredSize": "[150,600]",
          "spacing": "",
          "text": "",
          "value": "",
          "visible": "",
          "properties": "",
          "Items": []
        }
      ]
    },
    {
      "UIType": 0,
      "UIName": "rightP",
      "alignChildren": "",
      "alignment": "[\"fill\",\"fill\"]",
      "characters": "",
      "enabled": "",
      "icon": "",
      "image": "",
      "indent": "",
      "justify": "",
      "margins": "",
      "maximumSize": "",
      "minimumSize": "",
      "orientation": "\"column\"",
      "preferredSize": "",
      "spacing": "",
      "text": "",
      "value": "",
      "visible": "",
      "properties": "",
      "Items": [
        {
          "UIType": 7,
          "UIName": "etErrMes",
          "alignChildren": "",
          "alignment": "[\"fill\",\"top\"]",
          "characters": "",
          "enabled": "",
          "icon": "",
          "image": "",
          "indent": "",
          "justify": "",
          "margins": "",
          "maximumSize": "",
          "minimumSize": "",
          "orientation": "",
          "preferredSize": "[300,100]",
          "spacing": "",
          "text": "",
          "value": "",
          "visible": "",
          "properties": "{multiline:true,readonly:true}",
          "Items": []
        },
        {
          "UIType": 1,
          "UIName": "pnlB",
          "alignChildren": "",
          "alignment": "[\"fill\",\"top\"]",
          "characters": "",
          "enabled": "",
          "icon": "",
          "image": "",
          "indent": "",
          "justify": "",
          "margins": "",
          "maximumSize": "",
          "minimumSize": "",
          "orientation": "\"row\"",
          "preferredSize": "",
          "spacing": "",
          "text": "\"name\"",
          "value": "",
          "visible": "",
          "properties": "",
          "Items": [
            {
              "UIType": 4,
              "UIName": "btnWrite",
              "alignChildren": "",
              "alignment": "[\"left\",\"top\"]",
              "characters": "",
              "enabled": "",
              "icon": "",
              "image": "",
              "indent": "",
              "justify": "",
              "margins": "",
              "maximumSize": "",
              "minimumSize": "",
              "orientation": "",
              "preferredSize": "",
              "spacing": "",
              "text": "\"write\"",
              "value": "",
              "visible": "",
              "properties": "",
              "Items": []
            },
            {
              "UIType": 4,
              "UIName": "btnClear",
              "alignChildren": "",
              "alignment": "[\"left\",\"top\"]",
              "characters": "",
              "enabled": "",
              "icon": "",
              "image": "",
              "indent": "",
              "justify": "",
              "margins": "",
              "maximumSize": "",
              "minimumSize": "",
              "orientation": "",
              "preferredSize": "",
              "spacing": "",
              "text": "\"clear\"",
              "value": "",
              "visible": "",
              "properties": "",
              "Items": []
            }
          ]
        },
        {
          "UIType": 7,
          "UIName": "etExp",
          "alignChildren": "",
          "alignment": "[\"fill\",\"fill\"]",
          "characters": "",
          "enabled": "",
          "icon": "",
          "image": "",
          "indent": "",
          "justify": "",
          "margins": "",
          "maximumSize": "",
          "minimumSize": "",
          "orientation": "",
          "preferredSize": "[300,500]",
          "spacing": "",
          "text": "",
          "value": "",
          "visible": "",
          "properties": "{multiline:true}",
          "Items": []
        }
      ]
    }
  ]
}