﻿{
  "UIType": 0,
  "UIName": "root",
  "alignChildren": "",
  "alignment": "[\"fill\",\"fill\"]",
  "characters": "",
  "enabled": "",
  "icon": "",
  "image": "",
  "indent": "",
  "justify": "",
  "margins": "",
  "maximumSize": "",
  "minimumSize": "",
  "orientation": "\"column\"",
  "preferredSize": "[500,300]",
  "spacing": "",
  "text": "",
  "value": "",
  "visible": "",
  "properties": "",
  "Items": [
    {
      "UIType": 0,
      "UIName": "gr1",
      "alignChildren": "",
      "alignment": "[\"fill\",\"top\"]",
      "characters": "",
      "enabled": "",
      "icon": "",
      "image": "",
      "indent": "",
      "justify": "",
      "margins": "",
      "maximumSize": "",
      "minimumSize": "",
      "orientation": "\"row\"",
      "preferredSize": "",
      "spacing": "",
      "text": "",
      "value": "",
      "visible": "",
      "properties": "",
      "Items": [
        {
          "UIType": 4,
          "UIName": "btnExec",
          "alignChildren": "",
          "alignment": "[\"left\",\"top\"]",
          "characters": "",
          "enabled": "",
          "icon": "",
          "image": "",
          "indent": "",
          "justify": "",
          "margins": "",
          "maximumSize": "",
          "minimumSize": "",
          "orientation": "",
          "preferredSize": "",
          "spacing": "",
          "text": "\"Exec\"",
          "value": "",
          "visible": "",
          "properties": "",
          "Items": []
        },
        {
          "UIType": 15,
          "UIName": "st1",
          "alignChildren": "",
          "alignment": "[\"right\",\"center\"]",
          "characters": "",
          "enabled": "",
          "icon": "",
          "image": "",
          "indent": "",
          "justify": "",
          "margins": "",
          "maximumSize": "",
          "minimumSize": "",
          "orientation": "",
          "preferredSize": "",
          "spacing": "",
          "text": "\"除外フォント\"",
          "value": "",
          "visible": "",
          "properties": "",
          "Items": []
        },
        {
          "UIType": 4,
          "UIName": "btnInit",
          "alignChildren": "",
          "alignment": "[\"left\",\"center\"]",
          "characters": "",
          "enabled": "",
          "icon": "",
          "image": "",
          "indent": "",
          "justify": "",
          "margins": "",
          "maximumSize": "[40,30]",
          "minimumSize": "",
          "orientation": "",
          "preferredSize": "",
          "spacing": "",
          "text": "\"Init\"",
          "value": "",
          "visible": "",
          "properties": "",
          "Items": []
        },
        {
          "UIType": 4,
          "UIName": "btnAdd",
          "alignChildren": "",
          "alignment": "[\"right\",\"center\"]",
          "characters": "",
          "enabled": "",
          "icon": "",
          "image": "",
          "indent": "",
          "justify": "",
          "margins": "",
          "maximumSize": "[60,30]",
          "minimumSize": "",
          "orientation": "",
          "preferredSize": "",
          "spacing": "",
          "text": "\"Add\"",
          "value": "",
          "visible": "",
          "properties": "{}",
          "Items": []
        },
        {
          "UIType": 4,
          "UIName": "btnDel",
          "alignChildren": "",
          "alignment": "[\"left\",\"center\"]",
          "characters": "",
          "enabled": "",
          "icon": "",
          "image": "",
          "indent": "",
          "justify": "",
          "margins": "",
          "maximumSize": "[60,30]",
          "minimumSize": "",
          "orientation": "",
          "preferredSize": "",
          "spacing": "",
          "text": "\"Del\"",
          "value": "",
          "visible": "",
          "properties": "",
          "Items": []
        }
      ]
    },
    {
      "UIType": 0,
      "UIName": "gr2",
      "alignChildren": "",
      "alignment": "[\"fill\",\"fill\"]",
      "characters": "",
      "enabled": "",
      "icon": "",
      "image": "",
      "indent": "",
      "justify": "",
      "margins": "",
      "maximumSize": "",
      "minimumSize": "",
      "orientation": "\"row\"",
      "preferredSize": "",
      "spacing": "",
      "text": "",
      "value": "",
      "visible": "",
      "properties": "",
      "Items": [
        {
          "UIType": 10,
          "UIName": "lstFont",
          "alignChildren": "",
          "alignment": "[\"fill\",\"fill\"]",
          "characters": "",
          "enabled": "",
          "icon": "",
          "image": "",
          "indent": "",
          "justify": "",
          "margins": "",
          "maximumSize": "",
          "minimumSize": "",
          "orientation": "",
          "preferredSize": "",
          "spacing": "",
          "text": "",
          "value": "",
          "visible": "",
          "properties": "",
          "Items": []
        },
        {
          "UIType": 10,
          "UIName": "lstException",
          "alignChildren": "",
          "alignment": "[\"right\",\"fill\"]",
          "characters": "",
          "enabled": "",
          "icon": "",
          "image": "",
          "indent": "",
          "justify": "",
          "margins": "",
          "maximumSize": "[500,65536]",
          "minimumSize": "[150,0]",
          "orientation": "",
          "preferredSize": "",
          "spacing": "",
          "text": "",
          "value": "",
          "visible": "",
          "properties": "",
          "Items": []
        }
      ]
    }
  ]
}